data_registro,servidor,cpu_pct,memoria_pct
2026-08-01,SRV-PROD-01,74.93,67.93
2026-08-01,SRV-PROD-02,77.95,92.85
2026-08-01,SRV-DB-01,60.32,66.49
2026-08-01,SRV-APP-01,96.58,81.51
2026-08-02,SRV-PROD-01,55.61,78.14
2026-08-02,SRV-PROD-02,55.73,63.01
2026-08-02,SRV-DB-01,69.84,41.3
2026-08-02,SRV-APP-01,30.5,61.57
2026-08-03,SRV-PROD-01,44.74,74.71
2026-08-03,SRV-PROD-02,46.84,48.82
2026-08-03,SRV-DB-01,94.31,66.61
2026-08-03,SRV-APP-01,66.35,48.63
2026-08-04,SRV-PROD-01,54.11,71.66
2026-08-04,SRV-PROD-02,41.98,75.64
2026-08-04,SRV-DB-01,52.99,65.62
2026-08-04,SRV-APP-01,52.97,97.78
2026-08-05,SRV-PROD-01,64.73,54.13
2026-08-05,SRV-PROD-02,81.45,51.69
2026-08-05,SRV-DB-01,69.18,40.6
2026-08-05,SRV-APP-01,38.44,72.95
2026-08-06,SRV-PROD-01,79.77,72.57
2026-08-06,SRV-PROD-02,62.69,65.48
2026-08-06,SRV-DB-01,35.43,59.2
2026-08-06,SRV-APP-01,55.79,85.86
2026-08-07,SRV-PROD-01,71.87,43.55
2026-08-07,SRV-PROD-02,71.48,64.22
2026-08-07,SRV-DB-01,51.46,79.18
2026-08-07,SRV-APP-01,85.62,83.97
2026-08-08,SRV-PROD-01,48.22,65.36
2026-08-08,SRV-PROD-02,71.63,84.63
2026-08-08,SRV-DB-01,55.42,67.22
2026-08-08,SRV-APP-01,42.87,52.06
2026-08-09,SRV-PROD-01,81.25,90.34
2026-08-09,SRV-PROD-02,63.56,85.05
2026-08-09,SRV-DB-01,72.23,60.32
2026-08-09,SRV-APP-01,72.23,93.07
2026-08-10,SRV-PROD-01,64.28,93.47
2026-08-10,SRV-PROD-02,12.61,82.33
2026-08-10,SRV-DB-01,66.74,65.51
2026-08-10,SRV-APP-01,66.84,40.19
2026-08-11,SRV-PROD-01,60.61,75.36
2026-08-11,SRV-PROD-02,94.56,62.23
2026-08-11,SRV-DB-01,48.83,62.47
2026-08-11,SRV-APP-01,83.31,74.93
2026-08-12,SRV-PROD-01,54.4,77.7
2026-08-12,SRV-PROD-02,66.94,84.53
2026-08-12,SRV-DB-01,50.96,65.09
2026-08-12,SRV-APP-01,57.16,48.05
2026-08-13,SRV-PROD-01,70.92,73.92
2026-08-13,SRV-PROD-02,65.1,66.48
2026-08-13,SRV-DB-01,36.69,63.69
2026-08-13,SRV-APP-01,58.15,57.97
2026-08-14,SRV-PROD-01,61.77,76.06
2026-08-14,SRV-PROD-02,102.72,72.62
2026-08-14,SRV-DB-01,70.15,68.88
2026-08-14,SRV-APP-01,26.62,69.6
2026-08-15,SRV-PROD-01,66.2,106.95
2026-08-15,SRV-PROD-02,61.15,74.52
2026-08-15,SRV-DB-01,64.31,52.47
2026-08-15,SRV-APP-01,87.86,81.28
2026-08-16,SRV-PROD-01,80.82,56.36
2026-08-16,SRV-PROD-02,93.06,48.97
2026-08-16,SRV-DB-01,76.74,102.86
2026-08-16,SRV-APP-01,45.19,61.51
2026-08-17,SRV-PROD-01,66.99,62.45
2026-08-17,SRV-PROD-02,33.99,71.03
2026-08-17,SRV-DB-01,43.75,77.1
2026-08-17,SRV-APP-01,46.61,93.25
2026-08-18,SRV-PROD-01,49.33,65.17
2026-08-18,SRV-PROD-02,81.27,51.54
2026-08-18,SRV-DB-01,69.55,89.61
2026-08-18,SRV-APP-01,32.85,72.77
2026-08-19,SRV-PROD-01,70.2,81.73
2026-08-19,SRV-PROD-02,40.26,50.19
2026-08-19,SRV-DB-01,75.44,74.45
2026-08-19,SRV-APP-01,70.01,75.2
2026-08-20,SRV-PROD-01,51.4,73.48
2026-08-20,SRV-PROD-02,70.86,59.28
2026-08-20,SRV-DB-01,102.32,77.11
2026-08-20,SRV-APP-01,41.17,79.85
2026-08-21,SRV-PROD-01,45.51,81.81
2026-08-21,SRV-PROD-02,88.17,57.69
2026-08-21,SRV-DB-01,84.27,76.19
2026-08-21,SRV-APP-01,81.44,98.45
2026-08-22,SRV-PROD-01,60.09,58.69
2026-08-22,SRV-PROD-02,47.21,57.76
2026-08-22,SRV-DB-01,63.46,75.12
2026-08-22,SRV-APP-01,70.53,82.41
2026-08-23,SRV-PROD-01,65.26,91.8
2026-08-23,SRV-PROD-02,59.71,110.8
2026-08-23,SRV-DB-01,77.51,57.14
2026-08-23,SRV-APP-01,43.58,77.24
2026-08-24,SRV-PROD-01,60.53,80.71
2026-08-24,SRV-PROD-02,74.46,68.91
2026-08-24,SRV-DB-01,48.06,47.28
2026-08-24,SRV-APP-01,56.07,82.85
2026-08-25,SRV-PROD-01,69.28,51.31
2026-08-25,SRV-PROD-02,68.46,75.78
2026-08-25,SRV-DB-01,47.32,72.31
2026-08-25,SRV-APP-01,66.16,52.86
2026-08-26,SRV-PROD-01,72.16,78.41
2026-08-26,SRV-PROD-02,86.66,85.81
2026-08-26,SRV-DB-01,37.45,55.93
2026-08-26,SRV-APP-01,75.3,77.71
2026-08-27,SRV-PROD-01,75.3,127.79
2026-08-27,SRV-PROD-02,76.42,87.03
2026-08-27,SRV-DB-01,84.08,79.77
2026-08-27,SRV-APP-01,58.69,81.38
2026-08-28,SRV-PROD-01,49.54,66.45
2026-08-28,SRV-PROD-02,55.29,71.23
2026-08-28,SRV-DB-01,111.29,41.99
2026-08-28,SRV-APP-01,78.73,45.81
2026-08-29,SRV-PROD-01,55.56,86.33
2026-08-29,SRV-PROD-02,66.29,53.83
2026-08-29,SRV-DB-01,50.69,80.19
2026-08-29,SRV-APP-01,50.39,73.25
2026-08-30,SRV-PROD-01,65.91,60.23
2026-08-30,SRV-PROD-02,107.88,79.51
2026-08-30,SRV-DB-01,24.5,72.8
2026-08-30,SRV-APP-01,51.76,82.79
